emoji,distinct_comments,replacement
❤,134393,loved it
🔥,124446,epic
😂,108769,hilarious
😍,46105,amazing
😭,28223,very emotional
💥,26690,explosive action
👍,25484,good
😅,24852,funny
😊,23135,happy
🎉,22651,celebration
🤣,21689,hilarious
😮,17884,wow
😢,17717,sad
😎,15454,cool
👌,14811,perfect
🤩,13482,masterpiece
🏻,13431,emoji modifier fitzpatrick type 1 2
🙏,12889,please
💯,12666,perfect
🤔,11707,interesting
👏,11477,well done
😁,10822,very happy
🥰,10618,love it
😱,9125,mind blown
😘,8707,love
💀,8652,that was hilarious
♂,8417,male
♥,7391,loved it
🙌,7247,excited
🙄,6702,unimpressed
🤦,6528,facepalm
💪,6505,powerful
✨,6478,magical
😆,6183,laughing
🖤,5702,love it
🏾,5657,emoji modifier fitzpatrick type 5
🏽,5525,emoji modifier fitzpatrick type 4
🏼,5521,emoji modifier fitzpatrick type 3
💖,5290,love it
👀,5221,watching closely
🤯,5170,mind blown
😳,5087,shocked
🥺,4985,touching
⚡,4894,intense
👎,4851,did not like it
🥳,4801,celebration
😀,4790,happy
💙,4727,love it
💜,4638,love it
😈,4167,villain vibes
💕,4137,love
😃,3955,happy
🥵,3914,intense
🤷,3885,unsure
😄,3821,happy
✌,3778,peace
🤮,3648,disgusting
😒,3526,unimpressed
😉,3500,playful
🙂,3270,happy
🍿,3240,cant wait to watch
😲,3194,surprised
😔,3192,disappointed
🎥,3171,movie
👑,3160,best
🤘,3058,awesome
💚,3005,love it
💩,2995,terrible
😩,2992,overwhelmed
😏,2915,confident
🤗,2838,hug
😑,2833,boring
💗,2745,love
🥲,2717,bittersweet
😐,2710,neutral
🥹,2695,touched
♀,2679,female
❣,2627,love
😌,2536,happy
🤡,2413,joke
😡,2366,angry
☺,2324,happy
😬,2266,awkward
👇,2235,look below
💔,2215,heartbreak
💓,2179,love
🕷,2138,spider-man
💞,2001,love
🤢,1925,gross
🤨,1907,suspicious
🤞,1887,hope
✅,1877,approved
🏿,1826,emoji modifier fitzpatrick type 6
😇,1815,wholesome
☠,1788,scary
💫,1687,magical
😕,1674,confused
✊,1659,support
😜,1651,playful
🎬,1635,cinema
🤙,1624,cool
💛,1623,love it
😤,1615,intense
🌟,1599,excellent
🤍,1592,love it
🥶,1558,chills
👊,1557,respect
🗣,1548,shout out
🤟,1543,love
😨,1511,scared
😞,1504,sad
😫,1491,overwhelmed
😯,1469,wow
😻,1456,love it
🫡,1450,respect
🥱,1449,boring
😵,1447,speechless
🎶,1440,music
🗿,1435,stoic
👻,1418,scary
🫶,1413,love it
🎃,1398,horror
🩷,1397,love it
🕸,1390,spider web
🧐,1359,analysing
🙃,1356,silly
😝,1322,laughing
🤭,1319,giggles
👉,1280,look there
❌,1261,bad
😶,1246,speechless
🔪,1242,horror
😥,1242,worried
😋,1215,tasty
🦖,1198,dinosaur
🤪,1170,crazy
💨,1169,fast
🌹,1161,beautiful
😴,1072,boring
💣,1042,explosive
🥴,1030,woozy
💝,1003,gift
🤬,1001,furious
💋,993,love
🤌,989,masterpiece
🤤,964,drooling
✋,942,stop
🤧,930,sick
😪,924,tired
👈,903,look there
😠,902,angry
🗑,863,garbage
💐,862,beautiful
👁,842,watching
🧡,837,love it
🙈,836,cant look
😰,832,scared
🤫,830,secret
🌈,800,colorful
🙋,793,me
☹,776,sad
👽,738,alien
😣,737,struggling
😓,731,cold sweat
🎊,720,celebration
☝,720,this
♡,720,love
🖕,713,hate it
💘,705,love
🤝,693,deal
☕,690,tea
😖,683,upset
🤓,679,geeky
👿,676,evil
👹,670,monster
🎵,664,music
👋,646,hello
🚩,636,red flag
🐐,634,greatest of all time
😛,621,playful
🕊,618,peace
🤑,611,money
🦕,607,dinosaur
❗,594,important
💰,587,wealth
🤠,583,cowboy
🎈,582,celebration
😚,577,kiss
🚀,575,hype
💃,561,dancing
🦁,553,lion
🌎,544,worldwide
👄,537,mouth
😧,529,distressed
🫣,524,peeking
🏆,522,winner
😟,518,worried
💎,490,gem
😹,488,funny
🔫,488,action
🌊,465,ocean
🌍,461,world
🫠,460,melting
✝,457,religious
✔,453,verified
🙅,449,no
🦍,448,ape
🙁,437,sad
🕺,434,dancing
🎭,423,drama
💟,422,heart
🌚,421,dark
🌪,416,storm
😙,412,kiss
😦,405,shocked
🤐,404,silent
🥀,392,sadness
💅,386,sass
🙀,382,shocked
🤚,379,stop
⚔,378,battle
⚠,374,warning
💦,371,scared
👨,369,man
🙆,363,ok
✈,359,jet
📽,356,cinema
🎞,353,film
🖐,353,stop
😗,343,kissing face
🦸,340,superhero
🚫,337,not allowed
🩸,333,blood
🎄,332,christmas
🛐,330,prayer
🏃,328,running
🤜,319,punch
🎂,312,birthday
🫤,309,diagonal mouth
🙊,307,speak no evil monkey
🩹,306,adhesive bandage
⏳,300,hourglass with flowing sand
🚮,300,put litter in its place symbol
👩,288,woman
🤛,287,left facing fist
❄,285,snowflake
🦈,280,shark
🎇,279,firework sparkler
🦋,279,butterfly
🐊,278,crocodile
🐍,276,snake
🌸,276,cherry blossom
🫂,273,people hugging
🌝,273,full moon with face
🎯,272,direct hit
🗡,272,dagger knife
🎆,272,fireworks
👆,271,white up pointing backhand index
🍻,270,clinking beer mugs
📈,269,chart with upwards trend
🤖,268,robot face
🩵,267,light blue heart
🧨,266,firecracker
🐶,266,dog face
🚬,264,smoking symbol
🤏,264,pinching hand
➽,262,heavy wedge tailed rightwards arrow
🎤,261,microphone
💁,261,information desk person
🍫,259,chocolate bar
🎁,255,wrapped present
😷,253,medical mask
🪓,253,axe
🦇,251,bat
🧟,248,zombie
🏴,246,waving black flag
🥂,246,clinking glasses
🚨,244,police cars revolving light
➣,244,three d bottom lighted rightwards arrowhead
🐕,243,dog
🐰,243,rabbit face
🐉,240,dragon
🙇,238,bowing deeply
😼,236,cat wry smile
🔴,235,large red circle
🤎,233,brown heart
🎅,232,father christmas
💵,230,banknote with dollar sign
🐝,229,honeybee
🎧,226,headphone
🏳,225,waving white flag
🍷,225,wine glass
🌋,223,volcano
👅,221,tongue
🚶,220,pedestrian
🎼,218,musical score
💸,217,money with wings
💤,216,sleeping symbol
♾,216,permanent paper sign
🫰,215,hand with index finger and thumb crossed
🎸,213,guitar
🦅,199,eagle
🥇,199,first place medal
🤕,197,head bandage
☄,197,comet
🌷,194,tulip
🐎,194,horse
👺,194,japanese goblin
🪲,193,beetle
📌,191,pushpin
🍺,191,beer mug
🌞,190,sun with face
🙉,189,hear no evil monkey
☀,188,black sun with rays
🍀,188,four leaf clover
🌫,186,fog
🦄,185,unicorn face
🐱,184,cat face
❓,184,black question mark ornament
🍕,182,slice of pizza
🐢,182,turtle
🦾,182,mechanical arm
🔝,181,top with upwards arrow above
🎀,181,ribbon
🌏,180,earth globe asia australia
🐒,180,monkey
🤲,177,palms up together
🫵,177,index pointing at the viewer
☑,176,ballot box with check
🦎,175,lizard
🔱,173,trident emblem
🐦,173,bird
💌,172,love letter
🎟,172,admission tickets
🐻,170,bear face
🌌,169,milky way
💢,169,anger symbol
🌺,168,hibiscus
🥤,167,cup with straw
👐,166,open hands sign
🐯,165,tiger face
🐈,165,cat
🌠,164,shooting star
🔨,162,hammer
💡,161,electric light bulb
🍾,161,bottle with popping cork
🕶,159,dark sunglasses
🐺,159,wolf face
🔄,155,anticlockwise downwards and upwards open circle arrows
😸,154,grinning cat smiling eyes
🔵,153,large blue circle
📺,151,television
🕉,151,om symbol
🫨,150,shaking face
🤸,148,doing cartwheel
🍵,148,teacup without handle
🌀,147,cyclone
🌻,147,sunflower
👸,147,princess
🫧,146,bubbles
💧,144,droplet
🥁,144,drum with drumsticks
👾,143,alien monster
🐸,143,frog face
🪄,142,magic wand
🤒,142,thermometer
🖖,142,raised hand with part between middle and ring fingers
💭,141,thought balloon
❎,141,negative squared cross mark
🧠,139,brain
🫢,138,open eyes and hand over mouth
🧑,138,adult
🎦,137,cinema
💍,135,ring
🥸,134,disguised face
👦,133,boy
🐲,132,dragon face
🎩,130,top hat
🐅,130,tiger
📖,129,open book
🐟,129,fish
🤴,127,prince
🥋,127,martial arts uniform
🪖,127,military helmet
🦧,126,orangutan
🍁,125,maple leaf
🍑,124,peach
☆,123,white star
🔊,123,speaker with three sound waves
😺,122,smiling cat open mouth
🥃,122,tumbler glass
😿,122,crying cat face
🐿,120,chipmunk
🍭,120,lollipop
🐙,119,octopus
🐜,119,ant
🥊,119,boxing glove
👧,117,girl
🥷,117,ninja
🧙,114,mage
🌼,110,blossom
⚰,110,coffin
🫀,110,anatomical heart
🐵,109,monkey face
✍,108,writing hand
🌙,108,crescent moon
♨,107,hot springs
🦊,107,fox face
👶,106,baby
➡,104,black rightwards arrow
🛩,103,small airplane
💬,103,speech balloon
⚫,102,medium black circle
🐞,101,lady beetle
🐴,101,horse face
🦔,101,hedgehog
🍆,101,aubergine
🧹,101,broom
🧛,100,vampire
🎨,99,artist palette
🎮,99,video game
🛸,98,flying saucer
🔜,98,soon with rightwards arrow above
🪦,96,headstone
🧿,96,nazar amulet
✧,96,white four pointed star
🐄,96,cow
🐾,95,paw prints
☛,95,black right pointing index
🌿,94,herb
📸,93,camera with flash
🖒,92,reversed thumbs up sign
🎢,92,roller coaster
🕯,92,candle
🐷,91,pig face
🌴,90,palm tree
🐬,90,dolphin
🧍,90,standing person
🐋,90,whale
🛑,88,octagonal sign
🗽,88,statue of liberty
✓,88,check mark
📱,88,mobile phone
🍬,88,candy
➤,87,black rightwards arrowhead
🍌,87,banana
☻,86,black smiling face
🫦,86,biting lip
🌩,86,cloud with lightning
💉,85,syringe
🌐,85,globe with meridians
🧢,83,billed cap
😽,83,kissing cat closed eyes
🕰,82,mantelpiece clock
🐠,82,tropical fish
🚡,82,aerial tramway
🐥,82,front facing baby chick
🏀,81,basketball and hoop
🍳,80,cooking
🏍,80,racing motorcycle
🐳,80,spouting whale
👓,80,eyeglasses
✴,79,eight pointed black star
★,79,black star
🌲,78,evergreen tree
🚒,78,fire engine
🤥,78,lying face
🍇,78,grapes
✏,78,pencil
🍅,77,tomato
👴,77,older man
☁,77,cloud
🫥,77,dotted line face
🚁,77,helicopter
🌶,77,hot pepper
🧊,76,ice cube
⚓,76,anchor
📢,75,public address loudspeaker
🕴,75,man in business suit levitating
👃,75,nose
👼,74,baby angel
☮,74,peace symbol
🛡,74,shield
🔮,74,crystal ball
✖,73,heavy multiplication x
👣,73,footprints
🎫,73,ticket
🍔,73,hamburger
☣,73,biohazard sign
🧎,72,kneeling person
☢,72,radioactive sign
🌬,71,wind blowing face
🚪,69,door
♦,69,black diamond suit
🍪,69,cookie
🍉,69,watermelon
🔛,69,on with exclamation mark with left right arrow above
♪,68,eighth note
📚,68,books
🦏,67,rhinoceros
🎹,67,musical keyboard
🟥,67,large red square
🍃,67,leaf fluttering in wind
🌽,67,ear of maize
📜,66,scroll
🪔,66,diya lamp
🚂,65,steam locomotive
👮,65,police officer
😾,65,pouting cat face
🪩,65,mirror ball
🧜,64,merperson
🏹,64,bow and arrow
♠,64,black spade suit
📉,64,chart with downwards trend
🐇,63,rabbit
📛,63,name badge
💲,63,heavy dollar sign
👠,63,high heeled shoe
👱,62,with blond hair
⌚,62,watch
🚽,61,toilet
➲,61,circled heavy white rightwards arrow
🍒,61,cherries
🌳,61,deciduous tree
🔔,61,bell
🏄,60,surfer
🦹,60,supervillain
🍸,60,cocktail glass
❕,60,white exclamation mark ornament
🧔,59,bearded person
🐼,59,panda face
🐆,58,leopard
🐧,58,penguin
🌃,58,night with stars
🧚,58,fairy
🏞,57,national park
🐔,57,chicken
📣,56,cheering megaphone
📼,56,videocassette
🍎,56,red apple
🏋,56,weight lifter
🦂,56,scorpion
🦃,56,turkey
🚗,56,automobile
🧃,55,beverage box
🏠,55,house building
🎖,55,military medal
📞,54,telephone receiver
⏰,54,alarm clock
🐂,54,ox
🪐,54,ringed planet
🐖,53,pig
🧬,53,dna double helix
🌑,53,new moon symbol
⛔,53,no entry
🏅,53,sports medal
🌱,53,seedling
🕳,53,hole
🏝,53,desert island
🩶,53,grey heart
🕵,53,sleuth or spy
🏡,52,house with garden
📲,52,mobile phone with rightwards arrow at left
🔁,52,clockwise rightwards and leftwards open circle arrows
🌭,52,hot dog
📀,51,dvd
🍓,51,strawberry
🫴,51,palm up hand
👙,51,bikini
⚒,50,hammer and pick
🧀,50,cheese wedge
🍂,50,fallen leaf
☃,50,snowman
👂,50,ear
🐀,50,rat
🌕,50,full moon symbol
⚪,49,medium white circle
🎺,49,trumpet
🪨,49,rock
👖,49,jeans
📅,49,calendar
🏁,49,chequered flag
🏈,49,american football
✂,48,black scissors
🍄,48,mushroom
🐛,48,bug
🚝,48,monorail
☘,48,shamrock
🪽,48,wing
⚖,47,scales
📍,47,round pushpin
🦆,47,duck
🌅,47,sunrise
🍗,47,poultry leg
📝,47,memo
🍊,46,tangerine
📹,46,video camera
♻,46,black universal recycling symbol
🐑,46,sheep
⚜,46,fleur de lis
🥚,46,egg
🎙,46,studio microphone
⛓,45,chains
🔙,45,back with leftwards arrow above
🤳,45,selfie
🗨,45,left speech bubble
👤,45,bust in silhouette
💴,44,banknote with yen sign
🐤,44,baby chick
🍰,44,shortcake
🏙,44,cityscape
☯,44,yin yang
⛈,44,thunder cloud and rain
👕,44,t shirt
💻,43,personal computer
✡,43,star of david
🥛,43,glass of milk
🧏,42,deaf person
🎻,42,violin
🌾,42,ear of rice
⛵,41,sailboat
🦑,41,squid
🏖,41,beach with umbrella
🍼,41,baby bottle
🪝,41,hook
🍟,41,french fries
🐡,41,blowfish
🐘,40,elephant
🦘,40,kangaroo
👯,40,woman with bunny ears
💼,40,briefcase
💳,40,credit card
👰,40,bride with veil
⚧,40,male with stroke and male and female sign
🦀,40,crab
🌄,39,sunrise over mountains
🪱,39,worm
⚘,39,flower
🐭,39,mouse face
♫,39,beamed eighth notes
🍞,39,bread
🐓,38,rooster
🍹,38,tropical drink
🔞,38,no one under eighteen symbol
🐩,38,poodle
🛫,38,airplane departure
🐚,38,spiral shell
🧘,37,in lotus position
🍩,37,doughnut
🛌,37,sleeping accommodation
🏏,37,cricket bat and ball
🙍,37,frowning
🐽,36,pig nose
🥜,36,peanuts
🏜,36,desert
⌛,36,hourglass
➕,36,heavy plus sign
🟡,36,large yellow circle
🐣,36,hatching chick
🦰,35,emoji component red hair
🦜,35,parrot
🤺,35,fencer
💆,35,face massage
🌮,35,taco
❔,35,white question mark ornament
👳,35,man with turban
👵,35,older woman
⏩,35,black right pointing double triangle
🔺,34,up pointing red triangle
📷,34,camera
⚕,34,staff of aesculapius
💂,33,guardsman
🗺,33,world map
🧩,33,jigsaw puzzle piece
🏫,33,school
🏵,33,rosette
🐮,33,cow face
👟,33,athletic shoe
💊,33,pill
🌡,32,thermometer
⏎,32,return symbol
🍦,32,soft ice cream
💿,32,optical disc
🚘,32,oncoming automobile
🙎,32,with pouting face
🍖,32,meat on bone
🏊,32,swimmer
⛏,32,pick
🟦,32,large blue square
🍯,31,honey pot
🦲,31,emoji component bald
🚓,31,police car
⛪,31,church
💮,31,white flower
💄,31,lipstick
🧸,31,teddy bear
🏎,30,racing car
🪚,30,carpentry saw
🦠,30,microbe
🏰,29,european castle
🪑,29,chair
☦,29,orthodox cross
🐨,29,koala
🎚,29,level slider
🎾,29,tennis racquet and ball
➱,29,notched upper right shadowed white rightwards arrow
🪶,29,feather
♎,28,libra
⛽,28,fuel pump
⛄,28,snowman without snow
🥩,28,cut of meat
🚔,28,oncoming police car
👫,28,man and woman holding hands
👬,28,two men holding hands
🍝,27,spaghetti
🔍,27,left pointing magnifying glass
🦷,27,tooth
📿,27,prayer beads
🐁,27,mouse
🌉,27,bridge at night
🐗,27,boar
👗,27,dress
🦌,27,deer
🔗,26,link symbol
🥏,26,flying disc
🎷,26,saxophone
🍍,25,pineapple
🚲,25,bicycle
🍨,25,ice cream
💶,25,banknote with euro sign
🌆,25,cityscape at dusk
🎣,25,fishing pole and fish
🎪,25,circus tent
🧒,25,child
🦐,25,shrimp
➩,25,right shaded white rightwards arrow
🤰,25,pregnant woman
🏔,25,snow capped mountain
🔒,25,lock
🔘,25,radio button
⚽,25,soccer ball
🖊,25,lower left ballpoint pen
🦉,25,owl
♣,25,black club suit
👪,25,family
👭,25,two women holding hands
🖼,25,frame with picture
🗯,25,right anger bubble
🌵,25,cactus
👢,24,womans boots
👞,24,mans shoe
🦯,24,probing cane
🦞,24,lobster
🧌,24,troll
🏭,24,factory
💷,24,banknote with pound sign
🥓,24,bacon
🪷,24,lotus
🫲,23,leftwards hand
💏,23,kiss
⚛,23,atom symbol
💑,23,couple with heart
🕋,23,kaaba
☔,23,umbrella with rain drops
🔻,23,down pointing red triangle
🥑,23,avocado
⛰,23,mountain
⛳,23,flag in hole
🖥,23,desktop computer
➼,23,wedge tailed rightwards arrow
🎓,23,graduation cap
🍲,23,pot of food
🦱,23,emoji component curly hair
🍽,23,fork and knife with plate
🦳,23,emoji component white hair
❅,23,tight trifoliate snowflake
🦚,22,peacock
🤵,22,man in tuxedo
❝,22,heavy double turned comma quotation mark ornament
🍋,22,lemon
🔑,22,key
🚢,22,ship
🍏,22,green apple
🚣,22,rowboat
🖓,22,reversed thumbs down sign
🔋,22,battery
🚿,22,shower
❞,22,heavy double comma quotation mark ornament
🧞,22,genie
⏱,21,stopwatch
♈,21,aries
⏪,21,black left pointing double triangle
🐏,21,ram
🌛,21,first quarter moon with face
🪳,21,cockroach
🎠,21,carousel horse
👔,21,necktie
🐃,21,water buffalo
🚑,21,ambulance
🍥,21,fish cake with swirl design
🍧,21,shaved ice
🫱,21,rightwards hand
✺,21,sixteen pointed asterisk
🐌,20,snail
🏇,20,horse racing
🌜,20,last quarter moon with face
🧁,20,cupcake
❍,20,shadowed white circle
🏟,20,stadium
🦶,20,foot
🦵,20,leg
🦣,20,mammoth
🍤,20,fried shrimp
🔐,20,closed lock with key
🗝,20,old key
🔓,20,open lock
🍛,20,curry and rice
🔹,20,small blue diamond
🥘,20,shallow pan of food
🟢,20,large green circle
🖇,20,linked paperclips
🖍,20,lower left crayon
☪,20,star and crescent
👥,20,busts in silhouette
🚙,19,recreational vehicle
🥧,19,pie
🌨,19,cloud with snow
📯,19,postal horn
🐹,19,hamster face
💒,19,wedding
🥒,19,cucumber
🛏,19,bed
🦴,19,bone
🔯,19,six pointed star with middle dot
🦺,19,safety vest
🍜,19,steaming bowl
🌰,19,chestnut
🪂,19,parachute
💺,19,seat
🔌,18,electric plug
🥪,18,sandwich
🚭,18,no smoking symbol
🍚,18,cooked rice
☇,18,lightning
🪙,18,coin
🍣,18,sushi
🔚,18,end with leftwards arrow above
🍴,18,fork and knife
🎗,18,reminder ribbon
🌓,18,first quarter moon symbol
🌒,18,waxing crescent moon symbol
🎒,18,school satchel
🪵,18,wood
🟪,18,large purple square
🌧,18,cloud with rain
⚾,18,baseball
🍱,18,bento box
🟣,18,large purple circle
🕹,18,joystick
🔉,18,speaker with one sound wave
🏛,18,classical building
🥔,17,potato
🦬,17,bison
➢,17,three d top lighted rightwards arrowhead
✤,17,heavy four balloon spoked asterisk
🦗,17,cricket
🔬,17,microscope
☎,17,black telephone
🥕,17,carrot
☞,17,white right pointing index
🩲,17,briefs
🫸,16,rightwards pushing hand
🥣,16,bowl with spoon
🥞,16,pancakes
🚴,16,bicyclist
🦮,16,guide dog
🧯,16,fire extinguisher
🎱,16,billiards
🚄,16,high speed train
🫷,16,leftwards pushing hand
♌,16,leo
🏢,16,office building
🔰,16,japanese for beginner
🧓,16,older adult
🏦,16,bank
📦,16,package
🫅,16,with crown
💇,16,haircut
🧪,16,test tube
🚆,16,train
🗳,16,ballot box with ballot
✪,16,circled white star
🥖,16,baguette bread
🌯,16,burrito
⚙,16,gear
🍙,16,rice ball
🍐,16,pear
⏲,16,timer clock
🔅,16,low brightness symbol
🌘,16,waning crescent moon symbol
🖌,16,lower left paintbrush
🗼,15,tokyo tower
🚚,15,delivery truck
🔦,15,electric torch
🚼,15,baby symbol
🏂,15,snowboarder
📡,15,satellite antenna
⛑,15,helmet with white cross
⛱,15,umbrella on ground
🕒,15,clock face three oclock
🍡,15,dango
📁,15,file folder
✿,15,black florette
🏌,15,golfer
💠,15,diamond shape with a dot inside
🌖,15,waning gibbous moon symbol
🥄,15,spoon
🐪,15,dromedary camel
🌦,15,white sun behind cloud with rain
🕛,15,clock face twelve oclock
🟧,15,large orange square
🟠,15,large orange circle
🍢,15,oden
🩰,15,ballet shoes
🍶,14,sake bottle and cup
🦟,14,mosquito
🛣,14,motorway
✣,14,four balloon spoked asterisk
🔎,14,right pointing magnifying glass
🫁,14,lungs
🛰,14,satellite
🦥,14,sloth
🤾,14,handball
🚧,14,construction sign
🌗,14,last quarter moon symbol
📕,14,closed book
🧤,14,gloves
🟨,14,large yellow square
♊,14,gemini
🛻,14,pickup truck
🚦,14,vertical traffic light
❇,14,sparkle
🏥,14,hospital
🪰,14,fly
🍮,13,custard
🥭,13,mango
🚌,13,bus
👡,13,womans sandal
🌤,13,white sun with small cloud
🧧,13,red gift envelope
🔽,13,down pointing small red triangle
🗓,13,spiral calendar pad
🦒,13,giraffe face
⛩,13,shinto shrine
🌇,13,sunset over buildings
🧱,13,brick
🛎,13,bellhop bell
🔧,13,wrench
🔷,13,large blue diamond
🛬,13,airplane arriving
🦽,13,manual wheelchair
➥,13,heavy black curved downwards and rightwards arrow
🧖,13,in steamy room
📳,13,vibration mode
📋,13,clipboard
🍈,13,melon
👒,13,womans hat
♒,13,aquarius
🤼,13,wrestlers
🔈,13,speaker
🔭,13,telescope
🦝,13,raccoon
👚,13,womans clothes
🥥,13,coconut
🥨,13,pretzel
🎎,13,japanese dolls
🛕,12,hindu temple
🦓,12,zebra face
🦦,12,otter
🫐,12,blueberries
🫖,12,teapot
☉,12,sun
♍,12,virgo
♑,12,capricorn
♤,12,white spade suit
⛹,12,with ball
➖,12,heavy minus sign
🌁,12,foggy
🍘,12,rice cracker
🎏,12,carp streamer
🎡,12,ferris wheel
🏚,12,derelict house building
🐫,12,bactrian camel
👜,12,handbag
🔼,12,up pointing small red triangle
🕐,12,clock face one oclock
🕜,12,clock face one thirty
🗻,12,mount fuji
🛀,12,bath
🤶,12,mother christmas
🥈,12,second place medal
🛠,11,hammer and wrench
🎰,11,slot machine
🕌,11,mosque
🏓,11,table tennis paddle and ball
🥐,11,croissant
📻,11,radio
📊,11,bar chart
🎑,11,moon viewing ceremony
🎐,11,wind chime
🦩,11,flamingo
🧭,11,compass
➬,11,front tilted shadowed white rightwards arrow
🍠,11,roasted sweet potato
🧻,11,roll of paper
📃,11,page with curl
🌔,11,waxing gibbous moon symbol
🔕,11,bell with cancellation stroke
✒,11,black nib
🥙,11,stuffed flatbread
♐,11,sagittarius
🕓,10,clock face four oclock
🔆,10,high brightness symbol
🥉,10,third place medal
📴,10,mobile phone off
🦫,10,beaver
❀,10,white florette
♿,10,wheelchair symbol
⛅,10,sun behind cloud
🎲,10,game die
🚛,10,articulated lorry
🚜,10,tractor
🪭,10,folding hand fan
🎛,10,control knobs
🎍,10,pine decoration
🪬,10,hamsa
🖲,10,trackball
🌂,10,closed umbrella
💽,10,minidisc
💾,10,floppy disk
➾,10,open outlined rightwards arrow
🚃,10,railway car
🪞,10,mirror
🎽,10,running shirt with sash
🚷,10,no pedestrians
🛳,10,passenger ship
🥢,10,chopsticks
🥦,10,broccoli
🏬,10,department store
🧅,10,onion
⚃,10,die face 4
🥗,10,green salad
🧂,10,salt shaker
🥾,10,hiking boot
👛,9,purse
🔃,9,clockwise downwards and upwards open circle arrows
🦿,9,mechanical leg
🚵,9,mountain bicyclist
🏘,9,house buildings
🕎,9,menorah with nine branches
⌐,9,reversed not sign
🛋,9,couch and lamp
🚕,9,taxi
🧾,9,receipt
✩,9,stress outlined white star
🤹,9,juggling
🏯,9,japanese castle
⌨,9,keyboard
🥝,9,kiwifruit
🖋,9,lower left fountain pen
⍤,9,apl functional jot diaeresis
🥫,9,canned food
👲,9,man with gua pi mao
⛴,9,ferry
♋,9,cancer
📠,9,fax machine
☂,9,umbrella
🔂,9,clockwise rightwards and leftwards open circle arrows with circled one overlay
💈,9,barber pole
🗞,9,rolled up newspaper
🎳,9,bowling
🫳,9,palm down hand
🚥,9,horizontal traffic light
📆,9,tear off calendar
🦤,9,dodo
🦢,9,swan
🚤,9,speedboat
🚞,9,mountain railway
🪘,9,long drum
❚,8,heavy vertical bar
☸,8,wheel of dharma
⚁,8,die face 2
♏,8,scorpius
♩,8,quarter note
🌥,8,white sun behind cloud
👷,8,construction worker
📂,8,open file folder
🛹,8,skateboard
🟤,8,large brown circle
🏧,8,automated teller machine
🥬,8,leafy green
🏮,8,izakaya lantern
🏕,8,camping
✳,8,eight spoked asterisk
✭,8,outlined black star
🧇,8,waffle
⛷,8,skier
⛲,8,fountain
🛵,8,motor scooter
🔸,8,small orange diamond
🛥,8,motor boat
🪅,8,pinata
🛍,8,shopping bags
🚯,8,do not litter symbol
🕧,8,clock face twelve thirty
🚖,8,oncoming taxi
🪻,8,hyacinth
🚊,8,tram
🚇,8,metro
🖱,8,three button mouse
💹,7,chart with upwards trend and yen sign
➰,7,curly loop
🪣,7,bucket
🛢,7,oil drum
🧣,7,scarf
🕝,7,clock face two thirty
⛸,7,ice skate
📤,7,outbox tray
🪃,7,boomerang
🧥,7,coat
🤱,7,breast feeding
📓,7,notebook
🕘,7,clock face nine oclock
🏺,7,amphora
⌒,7,arc
📟,7,pager
🏩,7,love hotel
🕍,7,synagogue
🦼,7,motorized wheelchair
📐,7,triangular ruler
🕑,7,clock face two oclock
🤽,7,water polo
🧆,7,falafel
❛,7,heavy single turned comma quotation mark ornament
🏗,7,building construction
🏐,7,volleyball
🧕,7,with headscarf
❁,7,eight petalled outlined black florette
⚱,7,funeral urn
🚉,7,station
🧽,7,sponge
♔,7,white chess king
✉,7,envelope
🔲,7,black square button
🪴,7,potted plant
🪧,7,placard
🧗,7,climbing
🧝,7,elf
🥠,7,fortune cookie
📑,6,bookmark tabs
🏑,6,field hockey stick and ball
🪿,6,goose
🧋,6,bubble tea
🔖,6,bookmark
✕,6,multiplication x
🔟,6,keycap ten
👘,6,kimono
⚝,6,outlined white star
🔩,6,nut and bolt
🧳,6,luggage
🖑,6,reversed raised hand with fingers splayed
🥡,6,takeout box
🔶,6,large orange diamond
🩻,6,x ray
🛒,6,shopping trolley
🪁,6,kite
🫓,6,flatbread
🚹,6,mens symbol
🚸,6,children crossing
🥮,6,moon cake
📏,6,straight ruler
🏉,6,rugby football
🎿,6,ski and ski boot
🥌,6,curling stone
🕞,6,clock face three thirty
🟩,6,large green square
🪡,6,sewing needle
🎋,6,tanabata tree
🎌,6,crossed flags
☭,6,hammer and sickle
👝,6,pouch
♟,6,black chess pawn
🚐,6,minibus
🚍,6,oncoming bus
🚋,6,tram car
🗜,6,compression
🦭,6,seal
🦨,6,skunk
📵,6,no mobile phones
🦻,6,ear with hearing aid
♉,6,taurus
❖,6,black diamond minus white x
🥽,6,goggles
⏺,6,black circle for record
♧,5,white club suit
♬,5,beamed sixteenth notes
🪯,5,khanda
🔳,5,white square button
🖨,5,printer
🛶,5,canoe
⏫,5,black up pointing double triangle
🧦,5,socks
🚺,5,womens symbol
🚱,5,non potable water symbol
🗾,5,silhouette of japan
❜,5,heavy single comma quotation mark ornament
🕗,5,clock face eight oclock
🛁,5,bathtub
🫗,5,pouring liquid
➝,5,triangle headed rightwards arrow
🥯,5,bagel
🫔,5,tamale
🥎,5,softball
✞,5,shadowed white latin cross
🧼,5,bar of soap
❯,5,heavy right pointing angle quotation mark ornament
🛤,5,railway track
⚗,5,alembic
☰,5,trigram for heaven
🦪,5,oyster
🛴,5,scooter
🧴,5,lotion bottle
🧲,5,magnet
📰,5,newspaper
🚅,5,high speed train with bullet nose
🏸,4,badminton racquet and shuttlecock
🏪,4,convenience store
🏨,4,hotel
🏣,4,japanese post office
🏒,4,ice hockey stick and puck
📎,4,paperclip
📒,4,ledger
📘,4,blue book
📙,4,orange book
❥,4,rotated heavy black heart bullet
📧,4,e mail symbol
📩,4,envelope with downwards arrow above
📬,4,open mailbox with raised flag
❐,4,upper right drop shadowed white square
✯,4,pinwheel star
🔏,4,lock with ink pen
✢,4,four teardrop spoked asterisk
⛧,4,inverted pentagram
🕕,4,clock face six oclock
🕖,4,clock face seven oclock
🕚,4,clock face eleven oclock
⛎,4,ophiuchus
🕣,4,clock face eight thirty
🗂,4,card index dividers
⚆,4,white circle with dot right
♓,4,pisces
☜,4,white left pointing index
⏹,4,black square for stop
⏸,4,double vertical bar
⏬,4,black down pointing double triangle
⌣,4,smile
🫒,4,olive
🫏,4,donkey
🫎,4,moose
🫃,4,pregnant man
🚎,4,trolleybus
🚠,4,mountain cableway
🪤,4,mouse trap
🪟,4,window
🪛,4,screwdriver
🚳,4,no bicycles
🚾,4,water closet
🪆,4,nesting dolls
🩴,4,thong sandal
🩳,4,shorts
🧰,4,toolbox
🦡,4,badger
🦛,4,hippopotamus
🦙,4,llama
🤿,4,diving mask
🛼,4,roller skate
🛇,3,prohibited sign
🛞,3,wheel
🫛,3,pea pod
🟫,3,large brown square
🫙,3,jar
🩺,3,stethoscope
☡,3,caution sign
➵,3,black feathered rightwards arrow
➨,3,heavy concave pointed black rightwards arrow
🕪,3,right speaker with three sound waves
🧺,3,basket
🚟,3,suspension railway
🧵,3,spool of thread
⛦,3,left handed interlaced pentagram
🧮,3,abacus
🪫,3,low battery
🕥,3,clock face ten thirty
🕢,3,clock face seven thirty
🧈,3,butter
🪢,3,knot
✦,3,black four pointed star
🧄,3,garlic
❽,3,dingbat negative circled digit eight
✰,3,shadowed white star
🔇,3,speaker with cancellation stroke
🏷,3,label
🕟,3,clock face four thirty
✻,3,teardrop spoked asterisk
❹,3,dingbat negative circled digit four
❏,3,lower right drop shadowed white square
📶,3,antenna with bars
🥅,3,goal net
❾,3,dingbat negative circled digit nine
🚰,3,potable water symbol
🎴,3,flower playing cards
📮,3,postbox
📫,3,closed mailbox with raised flag
🥼,3,lab coat
🕔,3,clock face five oclock
🥟,3,dumpling
📨,3,incoming envelope
📄,3,page facing up
❦,3,floral heart
❸,3,dingbat negative circled digit three
♞,3,black chess knight
⌓,3,segment
🗃,3,card file box
♚,3,black chess king
🚻,3,restroom
♭,3,music flat sign
📗,3,green book
🚈,3,light rail
⚂,3,die face 3
❻,3,dingbat negative circled digit six
☾,3,last quarter moon
🕆,2,white latin cross
🪠,2,plunger
🗒,2,spiral note pad
⚚,2,staff of hermes
🥍,2,lacrosse stick and ball
🛷,2,sled
🪒,2,razor
🫘,2,beans
🪼,2,jellyfish
➛,2,drafting point rightwards arrow
🫕,2,fondue
🛺,2,auto rickshaw
⚐,2,white flag
⚑,2,black flag
♯,2,music sharp sign
🟰,2,heavy equals sign
🫑,2,bell pepper
⛌,2,crossing lanes
🏤,2,european post office
🛄,2,baggage claim
🕭,2,ringing bell
♝,2,black chess bishop
🕩,2,right speaker with one sound wave
🕨,2,right speaker
⛤,2,pentagram
🕙,2,clock face ten oclock
⚈,2,black circle with white dot right
🛅,2,left luggage
⛥,2,right handed interlaced pentagram
💱,2,currency exchange
➯,2,notched lower right shadowed white rightwards arrow
➿,2,double curly loop
🕇,2,heavy latin cross
🕦,2,clock face eleven thirty
☈,2,thunderstorm
🥿,2,flat shoe
🔢,2,input for numbers
⛺,2,tent
🕤,2,clock face nine thirty
⛿,2,white flag with horizontal middle black stripe
📭,2,open mailbox with lowered flag
✗,2,ballot x
🕡,2,clock face six thirty
♗,2,white chess bishop
⏯,2,black right pointing triangle with double vertical bar
♕,2,white chess queen
✮,2,heavy outlined black star
☟,2,white down pointing index
🛃,2,customs
✱,2,heavy asterisk
🪕,2,banjo
🕠,2,clock face five thirty
♖,1,white chess rook
♮,1,music natural sign
➍,1,dingbat negative circled sans serif digit four
♆,1,neptune
♅,1,uranus
☿,1,mercury
☽,1,first quarter moon
⚇,1,white circle with two dots
⚉,1,black circle with two white dots
☬,1,adi shakti
⛠,1,restricted left entry 1
☚,1,black left pointing index
☗,1,black shogi piece
☖,1,white shogi piece
☓,1,saltire
☒,1,ballot box with x
☐,1,ballot box
☏,1,white telephone
⚊,1,monogram for yang
⚋,1,monogram for yin
➜,1,heavy round tipped rightwards arrow
⏭,1,black right pointing double triangle with vertical bar
📔,1,notebook with decorative cover
⏏,1,eject symbol
⎠,1,right parenthesis lower hook
⎝,1,left parenthesis lower hook
⍨,1,apl functional tilde diaeresis
⚌,1,digram for greater yang
⍢,1,apl functional del diaeresis
🗄,1,file cabinet
⌢,1,frown
⌟,1,bottom right corner
⌜,1,top left corner
⚍,1,digram for lesser yin
⌉,1,right ceiling
⌈,1,left ceiling
⚎,1,digram for lesser yang
🫚,1,ginger root
⚏,1,digram for greater yin
➧,1,squat black rightwards arrow
🫄,1,pregnant person
🖎,1,left writing hand
⚬,1,medium small white circle
⚯,1,unmarried partnership symbol
⛀,1,white draughts man
⛁,1,white draughts king
⛂,1,black draughts man
⛃,1,black draughts king
🚏,1,bus stop
⛆,1,rain
⛇,1,black snowman
🪺,1,nest with eggs
🪹,1,empty nest
⛉,1,turned white shogi piece
⛊,1,turned black shogi piece
🪸,1,coral
⛍,1,disabled car
🪮,1,hair pick
📇,1,card index
🪗,1,accordion
⛐,1,car sliding
⛒,1,circled crossing lanes
⛕,1,alternate one way left way traffic
⛖,1,black two way left way traffic
🪈,1,flute
🪇,1,maracas
🛂,1,passport control
🛆,1,triangle with rounded corners
🕄,1,notched right semicircle with three dots
🕃,1,notched left semicircle with three dots
🕂,1,cross pommee
🕁,1,cross pommee with half circle below
🩼,1,crutch
🕀,1,circled cross pommee
⛗,1,white two way left way traffic
🛖,1,hut
⛘,1,black left lane merge
⛙,1,white left lane merge
⛚,1,drive slow sign
🛗,1,elevator
🩱,1,one piece swimsuit
⛛,1,heavy white down pointing triangle
⛜,1,left closed entry
⛝,1,squared saltire
⛞,1,falling diagonal in white circle in black square
⛟,1,black truck
☥,1,ankh
⛡,1,restricted left entry 2
🧷,1,safety pin
⛶,1,square four corners
🔤,1,input for latin letters
🧫,1,petri dish
🔣,1,input for symbols
⛼,1,headstone graveyard symbol
✎,1,lower right pencil
🧉,1,mate drink
✘,1,heavy ballot x
✟,1,outlined latin cross
✵,1,eight pointed pinwheel star
✶,1,six pointed black star
🔀,1,twisted rightwards arrows
✷,1,eight pointed rectilinear black star
✽,1,heavy teardrop spoked asterisk
❆,1,heavy chevron snowflake
🌣,1,white sun
❒,1,upper right shadowed white square
🥻,1,sari
📪,1,closed mailbox with lowered flag
📥,1,inbox tray
❟,1,heavy low single comma quotation mark ornament
❡,1,curved stem paragraph sign ornament
➔,1,heavy wide headed rightwards arrow
➗,1,heavy division sign
♢,1,white diamond suit
♜,1,black chess rook
♛,1,black chess queen
♙,1,white chess pawn
♘,1,white chess knight
:),0,happy
:-),0,happy
:(,0,sad
:-(,0,sad
:'(,0,crying
:'-),0,crying happy
:D,0,laughing
:-D,0,laughing
:3,0,cute
:'3,0,cute crying
<3,0,love
/\,0,high five
;),0,winking
;-),0,winking
:P,0,playful
:-P,0,playful
>:(,0,angry
>:),0,mischievous
O:),0,angelic
:],0,happy
:[,0,sad
